{"thing-editor/src/engine/lib/assets/click.wav":{"mTime":1719367254891.169,"bitrate":48,"hash":"40e35329ebdb0eb0eb83bdc28a6b5d36","duration":0.114943},"thing-editor/src/engine/lib/assets/over.wav":{"mTime":1719367254893.1638,"bitrate":48,"hash":"5b860f9e674bd7eb414cfeb24adaf22d","duration":0.033469}}